{
  "id": "b1201d9c-aac0-4270-a9ee-f8bb8898930e",
  "name": "Brown_Department",
  "isOverridable": true,
  "entries": [
    {
      "value": "DPS",
      "synonyms": [
        "DPS",
        "Public Safety",
        "Department of Public Safety",
        "DPS routine"
      ]
    },
    {
      "value": "DPS emergent",
      "synonyms": [
        "DPS emergent",
        "DPS emergency",
        "Public Safety Emergency"
      ]
    },
    {
      "value": "health service",
      "synonyms": [
        "health service",
        "brown health services",
        "health services"
      ]
    }
  ],
  "isEnum": false,
  "automatedExpansion": false
}