{
  "id": "a2037d2a-d7f6-4a00-89fb-032b89a55699",
  "name": "EventCategory",
  "isOverridable": true,
  "entries": [
    {
      "value": "Watson Institute",
      "synonyms": [
        "Watson",
        "Watson Institute"
      ]
    },
    {
      "value": "CompSci",
      "synonyms": [
        "CompSci",
        "Computer Science",
        "CIT",
        "Death Cube",
        "CS",
        "Comp Sci",
        "Computer Science Department"
      ]
    },
    {
      "value": "EnvironmentSociety",
      "synonyms": [
        "BERT",
        "Enviromental",
        "Environment",
        "UEL",
        "85 Waterman"
      ]
    },
    {
      "value": "PublicHealth",
      "synonyms": [
        "PublicHealth",
        "Public Health",
        "121 South Main"
      ]
    },
    {
      "value": "judaicstudies",
      "synonyms": [
        "judaicstudies",
        "Judaic",
        "Judaic Studies",
        "Hillel",
        "Jewish"
      ]
    },
    {
      "value": "Dept: Sarah Doyle Womens Center",
      "synonyms": [
        "Dept: Sarah Doyle Womens Center",
        "Sarah Doyle",
        "Sarah Doyle Women\u0027s Center"
      ]
    },
    {
      "value": "First Years",
      "synonyms": [
        "First Years",
        "Freshmen",
        "Freshman"
      ]
    },
    {
      "value": "Sophomores",
      "synonyms": [
        "Sophomores",
        "Sophomore"
      ]
    },
    {
      "value": "Juniors",
      "synonyms": [
        "Juniors",
        "Junior"
      ]
    },
    {
      "value": "Seniors",
      "synonyms": [
        "Seniors",
        "Senior"
      ]
    },
    {
      "value": "Lectures",
      "synonyms": [
        "Lectures",
        "Lecture"
      ]
    },
    {
      "value": "Dept: Engineering",
      "synonyms": [
        "Dept: Engineering",
        "Engineering",
        "Engineer",
        "Engineers"
      ]
    },
    {
      "value": "ADOCH",
      "synonyms": [
        "ADOCH",
        "A Day on College Hill",
        "Pre-frosh"
      ]
    },
    {
      "value": "Arts and Entertainment",
      "synonyms": [
        "Arts and Entertainment",
        "Reading",
        "Art",
        "Entertainment"
      ]
    },
    {
      "value": "Dance",
      "synonyms": [
        "Dance",
        "Dancing"
      ]
    },
    {
      "value": "Brain Science Program",
      "synonyms": [
        "Brain Science Program",
        "Brain Science",
        "Neuroscience",
        "Neuro"
      ]
    },
    {
      "value": "Dept: Applied Mathematics",
      "synonyms": [
        "Dept: Applied Mathematics",
        "APMA",
        "Applied Math",
        "Applied Mathematics"
      ]
    },
    {
      "value": "Prison",
      "synonyms": [
        "Prison"
      ]
    },
    {
      "value": "Parents",
      "synonyms": [
        "Parents",
        "Parent"
      ]
    },
    {
      "value": "Medical School",
      "synonyms": [
        "Medical School",
        "Alpert Medical School",
        "Alpert"
      ]
    },
    {
      "value": "Dept: Swearer Center",
      "synonyms": [
        "Dept: Swearer Center",
        "Swearer Center",
        "Swearer",
        "Community Service"
      ]
    },
    {
      "value": "Open to the Public",
      "synonyms": [
        "Open to the Public"
      ]
    },
    {
      "value": "Dept: Physics",
      "synonyms": [
        "Dept: Physics",
        "Physics",
        "Ladd Observatory",
        "telescope",
        "astronomy",
        "Physics Department"
      ]
    }
  ],
  "isEnum": false,
  "automatedExpansion": false
}