{
  "id": "69e23f97-d2a8-4e20-b6ff-7d6091d391a2",
  "name": "FoodRestriction",
  "isOverridable": true,
  "entries": [
    {
      "value": "gluten-free",
      "synonyms": [
        "gluten-free",
        "no gluten",
        "without gluten"
      ]
    },
    {
      "value": "vegetarian",
      "synonyms": [
        "vegetarian",
        "non meat"
      ]
    },
    {
      "value": "vegan",
      "synonyms": [
        "vegan"
      ]
    }
  ],
  "isEnum": false,
  "automatedExpansion": false
}