{
  "id": "414a0e00-3e46-42e0-af87-696ad3c019e9",
  "name": "MealTime",
  "isOverridable": true,
  "entries": [
    {
      "value": "Lunch",
      "synonyms": [
        "Lunch"
      ]
    },
    {
      "value": "Breakfast",
      "synonyms": [
        "Breakfast"
      ]
    },
    {
      "value": "Dinner",
      "synonyms": [
        "Dinner",
        "Supper"
      ]
    },
    {
      "value": "Brunch",
      "synonyms": [
        "Brunch",
        "Between breakfast and lunch"
      ]
    },
    {
      "value": "Late Night",
      "synonyms": [
        "Late Night",
        "past midnight"
      ]
    }
  ],
  "isEnum": false,
  "automatedExpansion": false
}