{
  "id": "bde0fb52-420c-41c9-bebf-f3f6caa60001",
  "name": "Brown_Department",
  "isOverridable": true,
  "entries": [
    {
      "value": "DPS",
      "synonyms": [
        "DPS",
        "Public Safety",
        "Department of Public Safety",
        "DPS routine"
      ]
    },
    {
      "value": "DPS emergent",
      "synonyms": [
        "DPS emergent",
        "DPS emergency",
        "Public Safety Emergency"
      ]
    },
    {
      "value": "health service",
      "synonyms": [
        "health service",
        "brown health services",
        "health services"
      ]
    }
  ],
  "isEnum": false,
  "automatedExpansion": false
}