{
  "id": "4bd9a1ee-3234-4b99-8f62-876b2828eea8",
  "name": "Eatery",
  "isOverridable": true,
  "entries": [
    {
      "value": "Ratty",
      "synonyms": [
        "Ratty",
        "Sharpe Refectory"
      ]
    },
    {
      "value": "VDub",
      "synonyms": [
        "Vdub",
        "Verney-Wooley",
        "v-dub",
        "V dub",
        "VDub"
      ]
    },
    {
      "value": "Blue Room",
      "synonyms": [
        "Blue Room"
      ]
    },
    {
      "value": "Jos",
      "synonyms": [
        "Jo\u0027s",
        "Josiah\u0027s"
      ]
    },
    {
      "value": "Andrews",
      "synonyms": [
        "Andrews",
        "Andrews Commons",
        "Drews",
        "Commons",
        "A-Co"
      ]
    }
  ],
  "isEnum": false,
  "automatedExpansion": false
}