{
  "id": "24d43779-31fb-4710-bc20-0b0a567df51a",
  "name": "FoodType",
  "isOverridable": true,
  "entries": [
    {
      "value": "dessert",
      "synonyms": [
        "Dessert",
        "sweets"
      ]
    },
    {
      "value": "comfort",
      "synonyms": [
        "comfort",
        "comfort food"
      ]
    },
    {
      "value": "pizza",
      "synonyms": [
        "pizza"
      ]
    },
    {
      "value": "salad",
      "synonyms": [
        "salad",
        "salad bar",
        "lettuce",
        "healthy food"
      ]
    },
    {
      "value": "deli",
      "synonyms": [
        "deli",
        "meat",
        "sandwich"
      ]
    },
    {
      "value": "breakfast",
      "synonyms": [
        "breakfast",
        "morning",
        "brunch"
      ]
    },
    {
      "value": "omelet",
      "synonyms": [
        "omelet"
      ]
    },
    {
      "value": "focaccia",
      "synonyms": [
        "focaccia"
      ]
    },
    {
      "value": "indian",
      "synonyms": [
        "indian",
        "kabob and curry",
        "kabob",
        "curry"
      ]
    },
    {
      "value": "bakery",
      "synonyms": [
        "bakery",
        "baked goods",
        "muffins"
      ]
    },
    {
      "value": "wok",
      "synonyms": [
        "wok",
        "asian",
        "chinese food",
        "chinese",
        "lo mein"
      ]
    },
    {
      "value": "pho",
      "synonyms": [
        "pho",
        "vietnamese noodles"
      ]
    },
    {
      "value": "quesadilla",
      "synonyms": [
        "quesadilla"
      ]
    },
    {
      "value": "special",
      "synonyms": [
        "special",
        "changing dish",
        "rotating dish",
        "specials"
      ]
    },
    {
      "value": "stirfry",
      "synonyms": [
        "stirfry"
      ]
    },
    {
      "value": "grill",
      "synonyms": [
        "grill",
        "burgers"
      ]
    }
  ],
  "isEnum": false,
  "automatedExpansion": false
}