{
  "id": "1e212cb5-f482-4737-8820-0e09b8d099b4",
  "name": "LaundryRoom",
  "isOverridable": true,
  "entries": [
    {
      "value": "111 BROWN ST",
      "synonyms": [
        "111 BROWN ST"
      ]
    },
    {
      "value": "125-127 WATERMAN STREET",
      "synonyms": [
        "125-127 WATERMAN STREET"
      ]
    },
    {
      "value": "315 THAYER ST",
      "synonyms": [
        "315 THAYER ST"
      ]
    },
    {
      "value": "ANDREWS E",
      "synonyms": [
        "ANDREWS E"
      ]
    },
    {
      "value": "ANDREWS W",
      "synonyms": [
        "ANDREWS W"
      ]
    },
    {
      "value": "ARCHIBALD-BRONSON",
      "synonyms": [
        "ARCHIBALD-BRONSON"
      ]
    },
    {
      "value": "BARBOUR APTS",
      "synonyms": [
        "BARBOUR APTS"
      ]
    },
    {
      "value": "BUXTON HOUSE",
      "synonyms": [
        "BUXTON HOUSE"
      ]
    },
    {
      "value": "CASWELL MIDDLE",
      "synonyms": [
        "CASWELL MIDDLE"
      ]
    },
    {
      "value": "CASWELL NORTH",
      "synonyms": [
        "CASWELL NORTH"
      ]
    },
    {
      "value": "CHAMPLIN",
      "synonyms": [
        "CHAMPLIN"
      ]
    },
    {
      "value": "CHAPIN HOUSE",
      "synonyms": [
        "CHAPIN HOUSE"
      ]
    },
    {
      "value": "DIMAN HOUSE RM028",
      "synonyms": [
        "DIMAN HOUSE RM028"
      ]
    },
    {
      "value": "DIMAN HOUSE RM106",
      "synonyms": [
        "DIMAN HOUSE RM106"
      ]
    },
    {
      "value": "EVERETT-POLAND RME243",
      "synonyms": [
        "EVERETT-POLAND RME243"
      ]
    },
    {
      "value": "EVERETT-POLAND-RME166",
      "synonyms": [
        "EVERETT-POLAND-RME166"
      ]
    },
    {
      "value": "GOODARD HOUSE RM018",
      "synonyms": [
        "GOODARD HOUSE RM018"
      ]
    },
    {
      "value": "GOODARD HOUSE RM130",
      "synonyms": [
        "GOODARD HOUSE RM130"
      ]
    },
    {
      "value": "GRAD CENTER A",
      "synonyms": [
        "GRAD CENTER A"
      ]
    },
    {
      "value": "GRAD CENTER B",
      "synonyms": [
        "GRAD CENTER B"
      ]
    },
    {
      "value": "GRAD CENTER C",
      "synonyms": [
        "GRAD CENTER C"
      ]
    },
    {
      "value": "GRAD CENTER D",
      "synonyms": [
        "GRAD CENTER D"
      ]
    },
    {
      "value": "HEDGEMAN",
      "synonyms": [
        "HEDGEMAN"
      ]
    },
    {
      "value": "HOPE COLLEGE",
      "synonyms": [
        "HOPE COLLEGE"
      ]
    },
    {
      "value": "JAMISON-MEAD",
      "synonyms": [
        "JAMISON-MEAD"
      ]
    },
    {
      "value": "KING HOUSE",
      "synonyms": [
        "KING HOUSE"
      ]
    },
    {
      "value": "LITTLEFIELD HALL",
      "synonyms": [
        "LITTLEFIELD HALL"
      ]
    },
    {
      "value": "MACHADO",
      "synonyms": [
        "MACHADO"
      ]
    },
    {
      "value": "MARCY HOUSE",
      "synonyms": [
        "MARCY HOUSE"
      ]
    },
    {
      "value": "METCALF HALL",
      "synonyms": [
        "METCALF HALL"
      ]
    },
    {
      "value": "MILLER HALL",
      "synonyms": [
        "MILLER HALL"
      ]
    },
    {
      "value": "MINDEN HALL",
      "synonyms": [
        "MINDEN HALL"
      ]
    },
    {
      "value": "MORRISS RM211A",
      "synonyms": [
        "MORRISS RM211A"
      ]
    },
    {
      "value": "MORRISS RM311A",
      "synonyms": [
        "MORRISS RM311A"
      ]
    },
    {
      "value": "MORRISS RM411A",
      "synonyms": [
        "MORRISS RM411A"
      ]
    },
    {
      "value": "NPEMBROKE 2",
      "synonyms": [
        "NPEMBROKE 2",
        "new pembroke 2"
      ]
    },
    {
      "value": "NPEMBROKE 3 RM000",
      "synonyms": [
        "NPEMBROKE 3 RM000",
        "new pembroke 3"
      ]
    },
    {
      "value": "NPEMBROKE 3 RM020",
      "synonyms": [
        "NPEMBROKE 3 RM020"
      ]
    },
    {
      "value": "NPEMBROKE 4 RM117",
      "synonyms": [
        "NPEMBROKE 4 RM117",
        "new pembroke 4"
      ]
    },
    {
      "value": "YO10",
      "synonyms": [
        "YO10",
        "young orchard 10",
        "young o 10"
      ]
    },
    {
      "value": "YO2",
      "synonyms": [
        "YO2",
        "Young orchard 2",
        "young o 2"
      ]
    },
    {
      "value": "YO4",
      "synonyms": [
        "YO4",
        "young orchard 4",
        "young o 4"
      ]
    },
    {
      "value": "WAYLAND HOUSE",
      "synonyms": [
        "WAYLAND HOUSE"
      ]
    },
    {
      "value": "SLATER",
      "synonyms": [
        "SLAYTER"
      ]
    },
    {
      "value": "PERKINS",
      "synonyms": [
        "PERKINS"
      ]
    },
    {
      "value": "VGQA RM001",
      "synonyms": [
        "VGQA RM001",
        "new dorm"
      ]
    },
    {
      "value": "VGQA RM007",
      "synonyms": [
        "VGQA RM007"
      ]
    }
  ],
  "isEnum": false,
  "automatedExpansion": false
}