{
  "id": "412ed2c3-97fe-4a84-b148-bd1af31195ff",
  "name": "ShuttleStop",
  "isOverridable": true,
  "entries": [
    {
      "value": "CIT",
      "synonyms": [
        "cit",
        "brook st.",
        "brook street",
        "CIT"
      ]
    },
    {
      "value": "john hay library",
      "synonyms": [
        "john hay library",
        "john hay"
      ]
    },
    {
      "value": "dyer \u0026 pine",
      "synonyms": [
        "dyer \u0026 pine",
        "dyer and pine"
      ]
    },
    {
      "value": "medical school rear",
      "synonyms": [
        "medical school",
        "brown medical school",
        "medical school rear"
      ]
    },
    {
      "value": "eddy",
      "synonyms": [
        "eddy",
        "eddy/davol square",
        "davol square"
      ]
    },
    {
      "value": "ehode island hospital",
      "synonyms": [
        "ehode island hospital",
        "hospital"
      ]
    },
    {
      "value": "coro center",
      "synonyms": [
        "coro center"
      ]
    },
    {
      "value": "222 richmond",
      "synonyms": [
        "222 richmond"
      ]
    },
    {
      "value": "110 south main st.",
      "synonyms": [
        "110 south main st.",
        "110 south main street",
        "121 south main street",
        "121 south main st.",
        "110/121 south main st."
      ]
    },
    {
      "value": "rockefeller library",
      "synonyms": [
        "rockefeller library",
        "rock",
        "rock library"
      ]
    },
    {
      "value": "alumni house",
      "synonyms": [
        "alumni house",
        "main green"
      ]
    },
    {
      "value": "power street garage",
      "synonyms": [
        "power street garage",
        "visitors lot",
        "visitor lot",
        "power street",
        "power street garage/visitors lot"
      ]
    },
    {
      "value": "bob",
      "synonyms": [
        "bob"
      ]
    },
    {
      "value": "hillel building",
      "synonyms": [
        "hillel building",
        "hillel"
      ]
    },
    {
      "value": "public safety",
      "synonyms": [
        "public safety",
        "dps",
        "barbour"
      ]
    },
    {
      "value": "new dorm",
      "synonyms": [
        "new dorm",
        "vartan gregorian quad",
        "vartan gregorian"
      ]
    },
    {
      "value": "keeney quad",
      "synonyms": [
        "keeney quad",
        "wayland arch"
      ]
    },
    {
      "value": "j.walter wilson",
      "synonyms": [
        "j.walter wilson",
        "jww",
        "walter wilson"
      ]
    },
    {
      "value": "pembroke campus",
      "synonyms": [
        "pembroke campus",
        "pembroke"
      ]
    },
    {
      "value": "machado",
      "synonyms": [
        "machado",
        "rochambeau"
      ]
    },
    {
      "value": "OMAC",
      "synonyms": [
        "omac",
        "OMAC"
      ]
    },
    {
      "value": "cushing",
      "synonyms": [
        "cushing",
        "cushing and thayer"
      ]
    },
    {
      "value": "scili",
      "synonyms": [
        "scili",
        "science library"
      ]
    },
    {
      "value": "thayer and charlesfield",
      "synonyms": [
        "thayer and charlesfield",
        "charlesfield"
      ]
    },
    {
      "value": "minden hall",
      "synonyms": [
        "minden hall",
        "minden"
      ]
    },
    {
      "value": "perkins",
      "synonyms": [
        "perkins",
        "young o",
        "young orchard"
      ]
    },
    {
      "value": "steinert center",
      "synonyms": [
        "steinert center",
        "steinert"
      ]
    },
    {
      "value": "3 davol square",
      "synonyms": [
        "3 davol square"
      ]
    },
    {
      "value": "190/200 dyer street",
      "synonyms": [
        "190/200 dyer street",
        "190 and 200 dyer street",
        "190 dyer street"
      ]
    }
  ],
  "isEnum": false,
  "automatedExpansion": true
}