{
  "id": "ea49a66a-ec3b-46f6-9eb8-f1f2e7b5b2b6",
  "name": "Brown_Department",
  "isOverridable": true,
  "entries": [
    {
      "value": "DPS",
      "synonyms": [
        "DPS",
        "Public Safety",
        "Department of Public Safety",
        "DPS routine"
      ]
    },
    {
      "value": "DPS emergent",
      "synonyms": [
        "DPS emergent",
        "DPS emergency",
        "Public Safety Emergency"
      ]
    },
    {
      "value": "health service",
      "synonyms": [
        "health service",
        "brown health services",
        "health services"
      ]
    }
  ],
  "isEnum": false,
  "automatedExpansion": false
}