{
  "id": "92a4373a-a449-4908-818b-5a62e33f464d",
  "name": "FoodType",
  "isOverridable": true,
  "entries": [
    {
      "value": "dessert",
      "synonyms": [
        "Dessert",
        "sweets"
      ]
    },
    {
      "value": "comfort",
      "synonyms": [
        "comfort",
        "comfort food"
      ]
    },
    {
      "value": "pizza",
      "synonyms": [
        "pizza"
      ]
    },
    {
      "value": "salad",
      "synonyms": [
        "salad",
        "salad bar",
        "lettuce",
        "healthy food"
      ]
    },
    {
      "value": "deli",
      "synonyms": [
        "deli",
        "sandwiches",
        "meat"
      ]
    },
    {
      "value": "breakfast",
      "synonyms": [
        "breakfast",
        "morning",
        "brunch"
      ]
    },
    {
      "value": "omelet",
      "synonyms": [
        "omelet"
      ]
    }
  ],
  "isEnum": false,
  "automatedExpansion": false
}