{
  "id": "765631f2-8465-441e-b940-889ab8b8e3b0",
  "name": "FoodRestriction",
  "isOverridable": true,
  "entries": [
    {
      "value": "gluten-free",
      "synonyms": [
        "gluten-free",
        "no gluten",
        "without gluten"
      ]
    },
    {
      "value": "vegetarian",
      "synonyms": [
        "vegetarian",
        "non meat"
      ]
    },
    {
      "value": "vegan",
      "synonyms": [
        "vegan"
      ]
    }
  ],
  "isEnum": false,
  "automatedExpansion": false
}