{
  "id": "2547c7be-f789-44e6-aa79-d19ad0a72b1f",
  "name": "MealTime",
  "isOverridable": true,
  "entries": [
    {
      "value": "Lunch",
      "synonyms": [
        "Lunch"
      ]
    },
    {
      "value": "Breakfast",
      "synonyms": [
        "Breakfast"
      ]
    },
    {
      "value": "Dinner",
      "synonyms": [
        "Dinner",
        "Supper"
      ]
    },
    {
      "value": "Brunch",
      "synonyms": [
        "Brunch",
        "Between breakfast and lunch"
      ]
    },
    {
      "value": "Late Night",
      "synonyms": [
        "Late Night",
        "past midnight"
      ]
    }
  ],
  "isEnum": false,
  "automatedExpansion": false
}